iteration,fitness,r2,mae,rmse,avg_fitness,best_C,best_gamma,best_kernel,best_degree,best_coef0,best_tol,best_epsilon,best_max_iter,best_shrinking
1,-0.1593536662753275,0.4552813948448192,0.2590759756573078,0.35555908546283893,-0.7064818039422075,4.689400963537688,0.000498275235707645,linear,5,9.737555188414591,4.992453416923983e-05,0.09970037018749259,36773,True
2,-0.1205573583459219,0.47859977792594754,0.2512916982237992,0.34786543804807024,-0.5550030156985268,1.3156559275923634,0.00047215496969535523,poly,5,10.0,3.381053572984011e-05,0.09388742800746899,37718,True
3,-0.1205573583459219,0.47859977792594754,0.2512916982237992,0.34786543804807024,-0.643236286337425,1.3156559275923634,0.00047215496969535523,poly,5,10.0,3.381053572984011e-05,0.09388742800746899,37718,True
4,-0.06507429787775007,0.5114857480700685,0.2398436260973982,0.3367164198504204,-0.5567857882064067,2.084760439008164,0.000659306249855212,poly,5,10.0,2.4243112316337493e-05,0.11253446890026501,33015,True
5,0.006900097680315825,0.5421885561931072,0.20932493914908565,0.32596351936370577,-0.5335308671236285,1.739993127095782,0.0010999258973274223,poly,5,10.0,1e-05,0.08115233121322707,32580,True
6,0.006900097680315825,0.5421885561931072,0.20932493914908565,0.32596351936370577,-0.7206020812481986,1.739993127095782,0.0010999258973274223,poly,5,10.0,1e-05,0.08115233121322707,32580,True
7,0.006900097680315825,0.5421885561931072,0.20932493914908565,0.32596351936370577,-0.8036187049867696,1.739993127095782,0.0010999258973274223,poly,5,10.0,1e-05,0.08115233121322707,32580,True
8,0.006900097680315825,0.5421885561931072,0.20932493914908565,0.32596351936370577,-0.701149772636413,1.739993127095782,0.0010999258973274223,poly,5,10.0,1e-05,0.08115233121322707,32580,True
9,0.006900097680315825,0.5421885561931072,0.20932493914908565,0.32596351936370577,-0.7296500882278818,1.739993127095782,0.0010999258973274223,poly,5,10.0,1e-05,0.08115233121322707,32580,True
10,0.006900097680315825,0.5421885561931072,0.20932493914908565,0.32596351936370577,-0.6156263249890166,1.739993127095782,0.0010999258973274223,poly,5,10.0,1e-05,0.08115233121322707,32580,True
11,0.006900097680315825,0.5421885561931072,0.20932493914908565,0.32596351936370577,-0.5953359547257304,1.739993127095782,0.0010999258973274223,poly,5,10.0,1e-05,0.08115233121322707,32580,True
12,0.006900097680315825,0.5421885561931072,0.20932493914908565,0.32596351936370577,-0.5549649634488267,1.739993127095782,0.0010999258973274223,poly,5,10.0,1e-05,0.08115233121322707,32580,True
13,0.006900097680315825,0.5421885561931072,0.20932493914908565,0.32596351936370577,-0.5583798495083221,1.739993127095782,0.0010999258973274223,poly,5,10.0,1e-05,0.08115233121322707,32580,True
14,0.006900097680315825,0.5421885561931072,0.20932493914908565,0.32596351936370577,-0.5752905934833447,1.739993127095782,0.0010999258973274223,poly,5,10.0,1e-05,0.08115233121322707,32580,True
15,0.021650231075496906,0.5591817873276652,0.21767486483491255,0.31985669141725576,-0.5290423792530796,0.9413840563816412,0.03060216417860725,poly,4,10.0,2.8240838900897564e-05,0.10195925136423103,37251,True
16,0.021650231075496906,0.5591817873276652,0.21767486483491255,0.31985669141725576,-0.34488427491940205,0.9413840563816412,0.03060216417860725,poly,4,10.0,2.8240838900897564e-05,0.10195925136423103,37251,True
17,0.021650231075496906,0.5591817873276652,0.21767486483491255,0.31985669141725576,-0.2937475287225948,0.9413840563816412,0.03060216417860725,poly,4,10.0,2.8240838900897564e-05,0.10195925136423103,37251,True
18,0.021650231075496906,0.5591817873276652,0.21767486483491255,0.31985669141725576,-0.362042934534939,0.9413840563816412,0.03060216417860725,poly,4,10.0,2.8240838900897564e-05,0.10195925136423103,37251,True
19,0.021650231075496906,0.5591817873276652,0.21767486483491255,0.31985669141725576,-0.4648750061402036,0.9413840563816412,0.03060216417860725,poly,4,10.0,2.8240838900897564e-05,0.10195925136423103,37251,True
20,0.021650231075496906,0.5591817873276652,0.21767486483491255,0.31985669141725576,-0.3317990668225451,0.9413840563816412,0.03060216417860725,poly,4,10.0,2.8240838900897564e-05,0.10195925136423103,37251,True
21,0.021650231075496906,0.5591817873276652,0.21767486483491255,0.31985669141725576,-0.35358826103066016,0.9413840563816412,0.03060216417860725,poly,4,10.0,2.8240838900897564e-05,0.10195925136423103,37251,True
22,0.0338996703897643,0.5637864474805141,0.2117050366311364,0.3181817404596134,-0.38775973752572496,1.6431735550246396,0.02007738729463007,poly,4,10.0,3.60362412499853e-05,0.0872406559361421,42600,False
23,0.0338996703897643,0.5637864474805141,0.2117050366311364,0.3181817404596134,-0.24315781246533183,1.6431735550246396,0.02007738729463007,poly,4,10.0,3.60362412499853e-05,0.0872406559361421,42600,False
24,0.0338996703897643,0.5637864474805141,0.2117050366311364,0.3181817404596134,-0.23162911413801907,1.6431735550246396,0.02007738729463007,poly,4,10.0,3.60362412499853e-05,0.0872406559361421,42600,False
25,0.0338996703897643,0.5637864474805141,0.2117050366311364,0.3181817404596134,-0.3448263871661129,1.6431735550246396,0.02007738729463007,poly,4,10.0,3.60362412499853e-05,0.0872406559361421,42600,False
26,0.0338996703897643,0.5637864474805141,0.2117050366311364,0.3181817404596134,-0.4568897370881033,1.6431735550246396,0.02007738729463007,poly,4,10.0,3.60362412499853e-05,0.0872406559361421,42600,False
27,0.0338996703897643,0.5637864474805141,0.2117050366311364,0.3181817404596134,-0.19625542275322902,1.6431735550246396,0.02007738729463007,poly,4,10.0,3.60362412499853e-05,0.0872406559361421,42600,False
28,0.0338996703897643,0.5637864474805141,0.2117050366311364,0.3181817404596134,-0.30993103467403754,1.6431735550246396,0.02007738729463007,poly,4,10.0,3.60362412499853e-05,0.0872406559361421,42600,False
29,0.0338996703897643,0.5637864474805141,0.2117050366311364,0.3181817404596134,-0.33173577878704164,1.6431735550246396,0.02007738729463007,poly,4,10.0,3.60362412499853e-05,0.0872406559361421,42600,False
30,0.0338996703897643,0.5637864474805141,0.2117050366311364,0.3181817404596134,-0.2567215018585059,1.6431735550246396,0.02007738729463007,poly,4,10.0,3.60362412499853e-05,0.0872406559361421,42600,False
31,0.049014568731295255,0.5681725056492313,0.2025798713150638,0.3165780656028722,-0.18431788740486138,1.3770296073792363,0.042682667251241486,poly,4,10.0,1e-05,0.12223775271324774,44148,False
32,0.049014568731295255,0.5681725056492313,0.2025798713150638,0.3165780656028722,-0.26977506112841054,1.3770296073792363,0.042682667251241486,poly,4,10.0,1e-05,0.12223775271324774,44148,False
33,0.049014568731295255,0.5681725056492313,0.2025798713150638,0.3165780656028722,-0.1788018636563633,1.3770296073792363,0.042682667251241486,poly,4,10.0,1e-05,0.12223775271324774,44148,False
34,0.049014568731295255,0.5681725056492313,0.2025798713150638,0.3165780656028722,-0.1532257300471352,1.3770296073792363,0.042682667251241486,poly,4,10.0,1e-05,0.12223775271324774,44148,False
35,0.049014568731295255,0.5681725056492313,0.2025798713150638,0.3165780656028722,-0.28631644678789114,1.3770296073792363,0.042682667251241486,poly,4,10.0,1e-05,0.12223775271324774,44148,False
36,0.05304220960975764,0.5695793780030339,0.200475221248273,0.3160619471450033,-0.27026493853219113,1.3092112630800177,0.054940401054930164,poly,4,10.0,1e-05,0.12249138169493527,43176,True
37,0.06240048600170797,0.575332315323771,0.19898920587316973,0.31394262344889334,-0.30745199382499766,1.2847654196248222,0.06036333736060173,poly,4,10.0,1e-05,0.11908539764846676,41307,True
38,0.06240048600170797,0.575332315323771,0.19898920587316973,0.31394262344889334,-0.2117042354044017,1.2847654196248222,0.06036333736060173,poly,4,10.0,1e-05,0.11908539764846676,41307,True
39,0.06240048600170797,0.575332315323771,0.19898920587316973,0.31394262344889334,-0.3101345098684743,1.2847654196248222,0.06036333736060173,poly,4,10.0,1e-05,0.11908539764846676,41307,True
40,0.06240048600170797,0.575332315323771,0.19898920587316973,0.31394262344889334,-0.217178960672845,1.2847654196248222,0.06036333736060173,poly,4,10.0,1e-05,0.11908539764846676,41307,True
41,0.06240048600170797,0.575332315323771,0.19898920587316973,0.31394262344889334,-0.3209117054654607,1.2847654196248222,0.06036333736060173,poly,4,10.0,1e-05,0.11908539764846676,41307,True
42,0.06240048600170797,0.575332315323771,0.19898920587316973,0.31394262344889334,-0.3801308453474409,1.2847654196248222,0.06036333736060173,poly,4,10.0,1e-05,0.11908539764846676,41307,True
43,0.06240048600170797,0.575332315323771,0.19898920587316973,0.31394262344889334,-0.43982573805746483,1.2847654196248222,0.06036333736060173,poly,4,10.0,1e-05,0.11908539764846676,41307,True
44,0.06240048600170797,0.575332315323771,0.19898920587316973,0.31394262344889334,-0.433579343071138,1.2847654196248222,0.06036333736060173,poly,4,10.0,1e-05,0.11908539764846676,41307,True
45,0.06240048600170797,0.575332315323771,0.19898920587316973,0.31394262344889334,-0.5264558978057987,1.2847654196248222,0.06036333736060173,poly,4,10.0,1e-05,0.11908539764846676,41307,True
46,0.06240048600170797,0.575332315323771,0.19898920587316973,0.31394262344889334,-0.5243369430913083,1.2847654196248222,0.06036333736060173,poly,4,10.0,1e-05,0.11908539764846676,41307,True
47,0.06240048600170797,0.575332315323771,0.19898920587316973,0.31394262344889334,-0.5848523925345608,1.2847654196248222,0.06036333736060173,poly,4,10.0,1e-05,0.11908539764846676,41307,True
48,0.06240048600170797,0.575332315323771,0.19898920587316973,0.31394262344889334,-0.5909645406084649,1.2847654196248222,0.06036333736060173,poly,4,10.0,1e-05,0.11908539764846676,41307,True
49,0.06240048600170797,0.575332315323771,0.19898920587316973,0.31394262344889334,-0.5682541477576839,1.2847654196248222,0.06036333736060173,poly,4,10.0,1e-05,0.11908539764846676,41307,True
50,0.06240048600170797,0.575332315323771,0.19898920587316973,0.31394262344889334,-0.5360911250020538,1.2847654196248222,0.06036333736060173,poly,4,10.0,1e-05,0.11908539764846676,41307,True
51,0.06240048600170797,0.575332315323771,0.19898920587316973,0.31394262344889334,-0.5275091161723566,1.2847654196248222,0.06036333736060173,poly,4,10.0,1e-05,0.11908539764846676,41307,True
52,0.06240048600170797,0.575332315323771,0.19898920587316973,0.31394262344889334,-0.5042427104959615,1.2847654196248222,0.06036333736060173,poly,4,10.0,1e-05,0.11908539764846676,41307,True
53,0.06240048600170797,0.575332315323771,0.19898920587316973,0.31394262344889334,-0.408965537221897,1.2847654196248222,0.06036333736060173,poly,4,10.0,1e-05,0.11908539764846676,41307,True
54,0.06240048600170797,0.575332315323771,0.19898920587316973,0.31394262344889334,-0.37943896278141753,1.2847654196248222,0.06036333736060173,poly,4,10.0,1e-05,0.11908539764846676,41307,True
55,0.06240048600170797,0.575332315323771,0.19898920587316973,0.31394262344889334,-0.4121943428013074,1.2847654196248222,0.06036333736060173,poly,4,10.0,1e-05,0.11908539764846676,41307,True
56,0.06240048600170797,0.575332315323771,0.19898920587316973,0.31394262344889334,-0.3131656496773564,1.2847654196248222,0.06036333736060173,poly,4,10.0,1e-05,0.11908539764846676,41307,True
57,0.06240048600170797,0.575332315323771,0.19898920587316973,0.31394262344889334,-0.34029540970522015,1.2847654196248222,0.06036333736060173,poly,4,10.0,1e-05,0.11908539764846676,41307,True
58,0.06240048600170797,0.575332315323771,0.19898920587316973,0.31394262344889334,-0.37213057294832497,1.2847654196248222,0.06036333736060173,poly,4,10.0,1e-05,0.11908539764846676,41307,True
59,0.06240048600170797,0.575332315323771,0.19898920587316973,0.31394262344889334,-0.44427412491367557,1.2847654196248222,0.06036333736060173,poly,4,10.0,1e-05,0.11908539764846676,41307,True
60,0.06240048600170797,0.575332315323771,0.19898920587316973,0.31394262344889334,-0.4400192724451683,1.2847654196248222,0.06036333736060173,poly,4,10.0,1e-05,0.11908539764846676,41307,True
61,0.06240048600170797,0.575332315323771,0.19898920587316973,0.31394262344889334,-0.43577255754280964,1.2847654196248222,0.06036333736060173,poly,4,10.0,1e-05,0.11908539764846676,41307,True
62,0.06240048600170797,0.575332315323771,0.19898920587316973,0.31394262344889334,-0.4523732498648122,1.2847654196248222,0.06036333736060173,poly,4,10.0,1e-05,0.11908539764846676,41307,True
63,0.06240048600170797,0.575332315323771,0.19898920587316973,0.31394262344889334,-0.36036589609979475,1.2847654196248222,0.06036333736060173,poly,4,10.0,1e-05,0.11908539764846676,41307,True
64,0.06240048600170797,0.575332315323771,0.19898920587316973,0.31394262344889334,-0.39139813081836006,1.2847654196248222,0.06036333736060173,poly,4,10.0,1e-05,0.11908539764846676,41307,True
65,0.06240048600170797,0.575332315323771,0.19898920587316973,0.31394262344889334,-0.5285163589557065,1.2847654196248222,0.06036333736060173,poly,4,10.0,1e-05,0.11908539764846676,41307,True
66,0.06240048600170797,0.575332315323771,0.19898920587316973,0.31394262344889334,-0.41404061413214766,1.2847654196248222,0.06036333736060173,poly,4,10.0,1e-05,0.11908539764846676,41307,True
67,0.06240048600170797,0.575332315323771,0.19898920587316973,0.31394262344889334,-0.3429527265293265,1.2847654196248222,0.06036333736060173,poly,4,10.0,1e-05,0.11908539764846676,41307,True
68,0.07555930508127115,0.5822909509441602,0.19537178981921774,0.3113598560436713,-0.5148187290467223,1.1929139634132193,0.07873656474049721,poly,4,10.0,1e-05,0.11777919475473471,42540,True
69,0.07555930508127115,0.5822909509441602,0.19537178981921774,0.3113598560436713,-0.4316532333330265,1.1929139634132193,0.07873656474049721,poly,4,10.0,1e-05,0.11777919475473471,42540,True
70,0.07555930508127115,0.5822909509441602,0.19537178981921774,0.3113598560436713,-0.5115159068152114,1.1929139634132193,0.07873656474049721,poly,4,10.0,1e-05,0.11777919475473471,42540,True
71,0.07555930508127115,0.5822909509441602,0.19537178981921774,0.3113598560436713,-0.5453242175293169,1.1929139634132193,0.07873656474049721,poly,4,10.0,1e-05,0.11777919475473471,42540,True
72,0.07555930508127115,0.5822909509441602,0.19537178981921774,0.3113598560436713,-0.33279910048913675,1.1929139634132193,0.07873656474049721,poly,4,10.0,1e-05,0.11777919475473471,42540,True
73,0.07555930508127115,0.5822909509441602,0.19537178981921774,0.3113598560436713,-0.4190490533759578,1.1929139634132193,0.07873656474049721,poly,4,10.0,1e-05,0.11777919475473471,42540,True
74,0.07555930508127115,0.5822909509441602,0.19537178981921774,0.3113598560436713,-0.4707982517594066,1.1929139634132193,0.07873656474049721,poly,4,10.0,1e-05,0.11777919475473471,42540,True
75,0.07555930508127115,0.5822909509441602,0.19537178981921774,0.3113598560436713,-0.341787497706208,1.1929139634132193,0.07873656474049721,poly,4,10.0,1e-05,0.11777919475473471,42540,True
76,0.07555930508127115,0.5822909509441602,0.19537178981921774,0.3113598560436713,-0.409580370661938,1.1929139634132193,0.07873656474049721,poly,4,10.0,1e-05,0.11777919475473471,42540,True
77,0.07555930508127115,0.5822909509441602,0.19537178981921774,0.3113598560436713,-0.22664626401505444,1.1929139634132193,0.07873656474049721,poly,4,10.0,1e-05,0.11777919475473471,42540,True
78,0.07555930508127115,0.5822909509441602,0.19537178981921774,0.3113598560436713,-0.22833383746891944,1.1929139634132193,0.07873656474049721,poly,4,10.0,1e-05,0.11777919475473471,42540,True
79,0.07555930508127115,0.5822909509441602,0.19537178981921774,0.3113598560436713,-0.5292681943282572,1.1929139634132193,0.07873656474049721,poly,4,10.0,1e-05,0.11777919475473471,42540,True
80,0.07555930508127115,0.5822909509441602,0.19537178981921774,0.3113598560436713,-0.16034542997943077,1.1929139634132193,0.07873656474049721,poly,4,10.0,1e-05,0.11777919475473471,42540,True
81,0.07555930508127115,0.5822909509441602,0.19537178981921774,0.3113598560436713,-0.28805342559125624,1.1929139634132193,0.07873656474049721,poly,4,10.0,1e-05,0.11777919475473471,42540,True
82,0.07555930508127115,0.5822909509441602,0.19537178981921774,0.3113598560436713,-0.4880855955709841,1.1929139634132193,0.07873656474049721,poly,4,10.0,1e-05,0.11777919475473471,42540,True
83,0.07555930508127115,0.5822909509441602,0.19537178981921774,0.3113598560436713,-0.4928999478805977,1.1929139634132193,0.07873656474049721,poly,4,10.0,1e-05,0.11777919475473471,42540,True
84,0.07555930508127115,0.5822909509441602,0.19537178981921774,0.3113598560436713,-0.2611438678354944,1.1929139634132193,0.07873656474049721,poly,4,10.0,1e-05,0.11777919475473471,42540,True
85,0.07555930508127115,0.5822909509441602,0.19537178981921774,0.3113598560436713,-0.25651304375608386,1.1929139634132193,0.07873656474049721,poly,4,10.0,1e-05,0.11777919475473471,42540,True
86,0.07555930508127115,0.5822909509441602,0.19537178981921774,0.3113598560436713,-0.2591128558234404,1.1929139634132193,0.07873656474049721,poly,4,10.0,1e-05,0.11777919475473471,42540,True
87,0.07555930508127115,0.5822909509441602,0.19537178981921774,0.3113598560436713,-0.2607396231799034,1.1929139634132193,0.07873656474049721,poly,4,10.0,1e-05,0.11777919475473471,42540,True
88,0.07555930508127115,0.5822909509441602,0.19537178981921774,0.3113598560436713,-0.3547078684171852,1.1929139634132193,0.07873656474049721,poly,4,10.0,1e-05,0.11777919475473471,42540,True
89,0.07555930508127115,0.5822909509441602,0.19537178981921774,0.3113598560436713,-0.34672340059469214,1.1929139634132193,0.07873656474049721,poly,4,10.0,1e-05,0.11777919475473471,42540,True
90,0.07555930508127115,0.5822909509441602,0.19537178981921774,0.3113598560436713,-0.25649836179456376,1.1929139634132193,0.07873656474049721,poly,4,10.0,1e-05,0.11777919475473471,42540,True
91,0.07555930508127115,0.5822909509441602,0.19537178981921774,0.3113598560436713,-0.34585272927700733,1.1929139634132193,0.07873656474049721,poly,4,10.0,1e-05,0.11777919475473471,42540,True
92,0.07555930508127115,0.5822909509441602,0.19537178981921774,0.3113598560436713,-0.34920799317830997,1.1929139634132193,0.07873656474049721,poly,4,10.0,1e-05,0.11777919475473471,42540,True
93,0.07555930508127115,0.5822909509441602,0.19537178981921774,0.3113598560436713,-0.4537709583665864,1.1929139634132193,0.07873656474049721,poly,4,10.0,1e-05,0.11777919475473471,42540,True
94,0.07555930508127115,0.5822909509441602,0.19537178981921774,0.3113598560436713,-0.43984626665807874,1.1929139634132193,0.07873656474049721,poly,4,10.0,1e-05,0.11777919475473471,42540,True
95,0.07555930508127115,0.5822909509441602,0.19537178981921774,0.3113598560436713,-0.32555952129476207,1.1929139634132193,0.07873656474049721,poly,4,10.0,1e-05,0.11777919475473471,42540,True
96,0.07555930508127115,0.5822909509441602,0.19537178981921774,0.3113598560436713,-0.5354473204511854,1.1929139634132193,0.07873656474049721,poly,4,10.0,1e-05,0.11777919475473471,42540,True
97,0.07555930508127115,0.5822909509441602,0.19537178981921774,0.3113598560436713,-0.3361834644265292,1.1929139634132193,0.07873656474049721,poly,4,10.0,1e-05,0.11777919475473471,42540,True
98,0.09908184586220023,0.5922936800911871,0.18560257935343685,0.30760925487555,-0.3273131146453886,1.1928841970033406,0.0787381332672518,poly,4,10.0,1e-05,0.1177825297466713,42540,True
99,0.09908184586220023,0.5922936800911871,0.18560257935343685,0.30760925487555,-0.2832752071830239,1.1928841970033406,0.0787381332672518,poly,4,10.0,1e-05,0.1177825297466713,42540,True
100,0.09908184586220023,0.5922936800911871,0.18560257935343685,0.30760925487555,-0.3009592405555784,1.1928841970033406,0.0787381332672518,poly,4,10.0,1e-05,0.1177825297466713,42540,True
