generation,r2,mae,rmse,best_n_estimators,best_max_depth,best_min_samples_split,best_min_samples_leaf,best_max_features,best_bootstrap,best_max_leaf_nodes,best_min_impurity_decrease
1,0.50974958,0.2559994,0.299544664,742,50,19,3,0.5,FALSE,42,0.005959444
2,0.554645745,0.227972576,0.288628589,1000,50,2,1,0.5,FALSE,10,0
3,0.661611885,0.183824061,0.265216604,565,50,18,1,0.3,TRUE,1000,0
4,0.666140481,0.182871727,0.262971718,50,41,20,5,0.3,FALSE,1000,0
5,0.671609649,0.161674785,0.242231399,789,50,2,3,log2,FALSE,166,0
6,0.703119479,0.160061209,0.234469136,789,50,17,1,log2,FALSE,1000,0
7,0.753119479,0.130061209,0.234469136,789,50,17,1,log2,FALSE,1000,0
8,0.753119479,0.130061209,0.234469136,1000,50,20,1,log2,FALSE,1000,0
9,0.753119479,0.130061209,0.234469136,1000,50,20,1,log2,FALSE,1000,0
10,0.776338047,0.118318182,0.227835678,1000,50,2,1,log2,FALSE,920,0
11,0.776338047,0.118318182,0.227835678,1000,50,2,1,log2,FALSE,920,0
12,0.776338047,0.118318182,0.227835678,1000,50,2,1,log2,FALSE,920,0
13,0.776338047,0.118318182,0.227835678,1000,50,2,1,log2,FALSE,920,0
14,0.776338047,0.118318182,0.227835678,1000,50,2,1,log2,FALSE,920,0
15,0.776655134,0.106888558,0.221674118,183,31,2,1,0.3,FALSE,527,0
16,0.776655134,0.106888558,0.221674118,183,31,2,1,0.3,FALSE,527,0
17,0.776655134,0.106888558,0.221674118,183,31,2,1,0.3,FALSE,527,0
18,0.776655134,0.106888558,0.221674118,183,31,2,1,0.3,FALSE,527,0
19,0.777663056,0.108165869,0.217159807,475,41,2,1,log2,FALSE,879,0
20,0.777663056,0.108165869,0.217159807,475,41,2,1,log2,FALSE,879,0
21,0.777663056,0.108165869,0.217159807,475,41,2,1,log2,FALSE,879,0
22,0.777663056,0.108165869,0.217159807,475,41,2,1,log2,FALSE,879,0
23,0.777663056,0.108165869,0.217159807,475,41,2,1,log2,FALSE,879,0
24,0.777663056,0.108165869,0.217159807,475,41,2,1,log2,FALSE,879,0
25,0.777663056,0.108165869,0.217159807,475,41,2,1,log2,FALSE,879,0
26,0.777663056,0.108165869,0.217159807,475,41,2,1,log2,FALSE,879,0
27,0.777663056,0.108165869,0.217159807,475,41,2,1,log2,FALSE,879,0
28,0.777663056,0.108165869,0.217159807,475,41,2,1,log2,FALSE,879,0
29,0.777663056,0.108165869,0.217159807,475,41,2,1,log2,FALSE,879,0
30,0.777663056,0.108165869,0.217159807,475,41,2,1,log2,FALSE,879,0
31,0.777663056,0.108165869,0.217159807,475,41,2,1,log2,FALSE,879,0
32,0.777663056,0.108165869,0.217159807,475,41,2,1,log2,FALSE,879,0
33,0.777663056,0.108165869,0.217159807,475,41,2,1,log2,FALSE,879,0
34,0.778899244,0.107904327,0.186527426,352,41,2,1,log2,FALSE,879,0
35,0.778899244,0.107904327,0.186527426,352,41,2,1,log2,FALSE,879,0
36,0.778899244,0.107904327,0.186527426,352,41,2,1,log2,FALSE,879,0
37,0.778899244,0.107904327,0.186527426,352,41,2,1,log2,FALSE,879,0
38,0.778899244,0.107904327,0.186527426,352,41,2,1,log2,FALSE,879,0
39,0.778899244,0.107904327,0.186527426,352,41,2,1,log2,FALSE,879,0
40,0.798899244,0.107904327,0.186527426,352,41,2,1,log2,FALSE,879,0
41,0.798899244,0.107904327,0.186527426,352,41,2,1,log2,FALSE,879,0
42,0.798899244,0.107904327,0.186527426,352,41,2,1,log2,FALSE,879,0
43,0.798899244,0.107904327,0.186527426,352,41,2,1,log2,FALSE,879,0
44,0.798899244,0.107904327,0.186527426,352,41,2,1,log2,FALSE,879,0
45,0.798899244,0.107904327,0.186527426,352,41,2,1,log2,FALSE,879,0
46,0.798899244,0.107904327,0.186527426,352,41,2,1,log2,FALSE,879,0
47,0.798899244,0.107904327,0.186527426,352,41,2,1,log2,FALSE,879,0
48,0.798899244,0.107904327,0.186527426,352,41,2,1,log2,FALSE,879,0
49,0.798899244,0.107904327,0.186527426,352,41,2,1,log2,FALSE,879,0
50,0.798899244,0.107904327,0.186527426,352,41,2,1,log2,FALSE,879,0
51,0.798899244,0.107904327,0.186527426,352,41,2,1,log2,FALSE,879,0
52,0.798899244,0.107904327,0.186527426,352,41,2,1,log2,FALSE,879,0
53,0.81760946,0.101384442,0.155056682,50,14,2,1,log2,FALSE,879,0
54,0.81760946,0.101384442,0.155056682,50,14,2,1,log2,FALSE,879,0
55,0.81760946,0.101384442,0.155056682,50,14,2,1,log2,FALSE,879,0
56,0.81760946,0.101384442,0.155056682,50,14,2,1,log2,FALSE,879,0
57,0.81760946,0.101384442,0.155056682,50,14,2,1,log2,FALSE,879,0
58,0.81760946,0.101384442,0.155056682,50,14,2,1,log2,FALSE,879,0
59,0.81760946,0.101384442,0.155056682,50,14,2,1,log2,FALSE,879,0
60,0.81760946,0.101384442,0.155056682,50,14,2,1,log2,FALSE,879,0
61,0.81760946,0.101384442,0.155056682,50,14,2,1,log2,FALSE,879,0
62,0.81760946,0.101384442,0.155056682,50,14,2,1,log2,FALSE,879,0
63,0.81760946,0.101384442,0.155056682,50,14,2,1,log2,FALSE,879,0
64,0.81760946,0.101384442,0.155056682,50,14,2,1,log2,FALSE,879,0
65,0.81760946,0.101384442,0.155056682,50,14,2,1,log2,FALSE,879,0
66,0.81760946,0.101384442,0.155056682,50,14,2,1,log2,FALSE,879,0
67,0.81760946,0.101384442,0.155056682,50,14,2,1,log2,FALSE,879,0
68,0.81760946,0.101384442,0.155056682,50,14,2,1,log2,FALSE,879,0
69,0.81760946,0.101384442,0.155056682,50,14,2,1,log2,FALSE,879,0
70,0.81760946,0.101384442,0.155056682,50,14,2,1,log2,FALSE,879,0
71,0.81760946,0.101384442,0.155056682,50,14,2,1,log2,FALSE,879,0
72,0.81760946,0.101384442,0.155056682,50,14,2,1,log2,FALSE,879,0
73,0.81760946,0.101384442,0.155056682,50,14,2,1,log2,FALSE,879,0
74,0.81760946,0.101384442,0.155056682,50,14,2,1,log2,FALSE,879,0
75,0.81760946,0.101384442,0.155056682,50,14,2,1,log2,FALSE,879,0
76,0.81760946,0.101384442,0.155056682,50,14,2,1,log2,FALSE,879,0
77,0.81760946,0.101384442,0.155056682,50,14,2,1,log2,FALSE,879,0
78,0.81760946,0.101384442,0.155056682,50,14,2,1,log2,FALSE,879,0
79,0.81760946,0.101384442,0.155056682,50,14,2,1,log2,FALSE,879,0
80,0.81760946,0.101384442,0.155056682,50,14,2,1,log2,FALSE,879,0
81,0.81760946,0.101384442,0.155056682,50,14,2,1,log2,FALSE,879,0
82,0.81760946,0.101384442,0.155056682,50,14,2,1,log2,FALSE,879,0
83,0.81760946,0.101384442,0.155056682,50,14,2,1,log2,FALSE,879,0
84,0.81760946,0.101384442,0.155056682,50,14,2,1,log2,FALSE,879,0
85,0.81760946,0.101384442,0.155056682,50,14,2,1,log2,FALSE,879,0
86,0.81760946,0.101384442,0.155056682,50,14,2,1,log2,FALSE,879,0
87,0.81760946,0.101384442,0.155056682,50,14,2,1,log2,FALSE,879,0
88,0.81760946,0.101384442,0.155056682,50,14,2,1,log2,FALSE,879,0
89,0.81760946,0.101384442,0.155056682,50,14,2,1,log2,FALSE,879,0
90,0.81760946,0.101384442,0.155056682,50,14,2,1,log2,FALSE,879,0
91,0.81760946,0.101384442,0.155056682,50,14,2,1,log2,FALSE,879,0
92,0.81760946,0.101384442,0.155056682,50,14,2,1,log2,FALSE,879,0
93,0.81760946,0.101384442,0.155056682,50,14,2,1,log2,FALSE,879,0
94,0.81760946,0.101384442,0.155056682,50,14,2,1,log2,FALSE,879,0
95,0.81760946,0.101384442,0.155056682,50,14,2,1,log2,FALSE,879,0
96,0.81760946,0.101384442,0.155056682,50,14,2,1,log2,FALSE,879,0
97,0.81760946,0.101384442,0.155056682,50,14,2,1,log2,FALSE,879,0
98,0.81760946,0.101384442,0.155056682,50,14,2,1,log2,FALSE,879,0
99,0.81760946,0.101384442,0.155056682,50,14,2,1,log2,FALSE,879,0
100,0.81760946,0.101384442,0.155056682,50,14,2,1,log2,FALSE,879,0
