iteration,r2,mae,rmse,param_C,param_gamma,param_kernel,param_degree,param_coef0,param_tol,param_epsilon,param_max_iter,param_shrinking
1,0.487331842,0.265076634,0.34494023,0.176701694,5.669849511,linear,2,7.415504998,0.001570297,0.252442935,10144,TRUE
2,0.402830443,0.278910949,0.372284115,0.008632008,0.000602522,linear,5,0.317826795,1.49E-05,0.102758287,16247,TRUE
3,-0.077180931,0.5,0.5,0.100519812,0.000518005,poly,5,2.20440622,0.000896738,0.593373027,1425,TRUE
4,-0.088111096,0.425896648,0.50253035,659.8711072,1.452824664,sigmoid,4,2.778713417,4.34E-05,0.223160624,23059,TRUE
5,-0.077180931,0.5,0.5,897.9855655,0.122294675,linear,5,0.967163768,0.000683848,0.849019423,40565,FALSE
6,-0.077180931,0.5,0.5,0.390544128,0.002858549,linear,5,5.362280915,0.000684792,0.973384606,25807,TRUE
7,-0.077180931,0.5,0.5,0.001905434,7.392266141,rbf,4,5.773521453,4.99E-05,0.707526118,4003,TRUE
8,-0.077180931,0.5,0.5,51.41096649,0.000996251,rbf,2,8.55317721,0.000348902,0.86781883,25911,FALSE
9,-8.51E-05,0.462985119,0.481774878,0.631796709,1.993893849,sigmoid,4,1.626540972,0.00109881,0.361717993,44920,FALSE
10,0.351580334,0.322845203,0.387930356,0.002456459,5.551721685,linear,3,5.34139877,0.007886714,0.252362816,31294,FALSE
11,-0.077180931,0.5,0.5,0.205352037,0.00012018,rbf,3,6.84614251,4.93E-05,0.844423401,4665,TRUE
12,0.445095559,0.260814067,0.358868035,0.437436444,0.00040756,linear,4,4.01164787,0.000305866,0.075526719,38170,FALSE
13,-0.077180931,0.5,0.5,0.010969527,0.009022004,poly,5,3.956319011,3.52E-05,0.915402114,31071,TRUE
14,-0.077180931,0.5,0.5,0.07417652,0.039841906,rbf,3,2.466275077,0.000436647,0.565754453,18219,FALSE
15,-0.077180931,0.5,0.5,0.001541274,1.627136072,sigmoid,4,2.193207592,0.000223492,0.99756223,34392,FALSE
16,0.065691463,0.384535217,0.465662038,233.8643926,0.097611254,linear,2,8.611029097,0.005829385,0.161312906,11484,FALSE
17,-0.077180931,0.5,0.5,2.646450934,0.040194932,linear,5,3.816192865,0.00764744,0.996160166,35676,FALSE
18,-0.077180931,0.5,0.5,0.214814572,0.002273763,linear,2,6.81710369,0.003063462,0.541600627,18486,FALSE
19,0.298309685,0.38257934,0.40355099,618.773696,0.108435438,linear,4,4.347652507,6.73E-05,0.459186469,48323,FALSE
20,0.495112471,0.269744872,0.342312689,65.04020247,0.000235914,poly,2,8.705185698,0.009133996,0.305460344,42874,TRUE
21,-0.077180931,0.5,0.5,0.015570196,0.000106564,poly,4,7.625108001,0.002795016,0.54398524,35757,TRUE
22,-0.077180931,0.5,0.5,18.53752358,0.893053964,rbf,5,0.194767424,0.000657476,0.92980763,21153,TRUE
23,-0.077180931,0.5,0.5,0.141512359,0.000379617,linear,3,8.780095992,0.003884278,0.947479951,6613,FALSE
24,0.143234166,0.441125593,0.445919789,0.497398012,0.000299951,linear,3,1.283914645,0.000129555,0.480529554,37031,TRUE
25,-0.077180931,0.5,0.5,0.089351106,0.444662896,rbf,5,9.64362906,0.000817848,0.929624358,48836,TRUE
26,-0.077180931,0.5,0.5,2.330561432,0.008215507,rbf,5,9.951493567,0.008225007,0.653379277,29711,FALSE
27,0.471261273,0.273879759,0.35030492,36.70373763,0.064030367,linear,3,2.24697337,0.002055425,0.344704707,39555,TRUE
28,-0.077180931,0.5,0.5,0.001748242,0.357531613,poly,2,0.70993086,2.15E-05,0.634791928,16003,TRUE
29,0.397530822,0.300755192,0.373932396,0.004439648,0.000143597,linear,4,0.708573499,0.000811393,0.245624588,44842,FALSE
30,-0.077180931,0.5,0.5,2.396919408,0.300317356,poly,3,7.233525659,2.62E-05,0.883559244,38762,FALSE
31,-1.627318361,0.61638156,0.780875912,0.289932926,0.599453766,poly,5,8.074969978,4.86E-05,0.198505815,7352,FALSE
32,-0.077180931,0.5,0.5,3.91915824,0.297799981,rbf,5,4.11102276,0.004379288,0.865198381,4550,TRUE
33,-0.077180931,0.5,0.5,70.58660227,0.146898981,linear,5,7.282135884,0.004115113,0.802586586,8161,TRUE
34,0.41711116,0.265323658,0.367805777,0.020447613,0.012093437,poly,3,5.362857539,0.004465199,0.148780474,13025,FALSE
35,-0.34150714,0.388815379,0.557984545,69.92636149,3.023127749,sigmoid,3,8.744859541,9.00E-05,0.084631039,37066,TRUE
36,-0.077180931,0.5,0.5,0.042933223,0.173161206,linear,2,9.689962573,1.00E-05,0.927103313,16491,TRUE
37,-0.077180931,0.5,0.5,146.0103021,0.000108333,sigmoid,5,4.81358418,0.000340598,0.86600389,4842,TRUE
38,-0.037757099,0.439117195,0.490764943,0.810923392,0.289854578,sigmoid,2,9.853088438,6.43E-05,0.272551028,30819,FALSE
39,-0.888197459,0.466145056,0.661986877,454.4208225,0.004130614,sigmoid,5,1.547968253,0.000360058,0.303740747,4832,TRUE
40,-0.027470214,0.488080863,0.488326504,0.264860397,0.000211087,rbf,2,0.501423373,5.78E-05,0.482020632,35807,TRUE
41,0.432962369,0.268115093,0.36277021,0.0324111,0.030636738,linear,2,8.513425453,7.99E-05,0.077836119,5453,TRUE
42,-0.077180931,0.5,0.5,969.2658471,0.002157273,sigmoid,2,9.415961272,0.008508341,0.573978656,38940,TRUE
43,-0.077180931,0.5,0.5,0.002036444,0.002473047,linear,5,6.573731645,0.005306372,0.569574655,21733,FALSE
44,0.437654118,0.263712076,0.361266287,12.14039199,0.045151576,poly,4,2.386859526,0.00022047,0.401827988,45019,FALSE
45,-0.077180931,0.5,0.5,0.028335549,0.229444545,sigmoid,4,9.290183317,0.001926899,0.936376945,1610,FALSE
46,-0.077180931,0.5,0.5,0.028376552,1.036809056,linear,2,5.376344041,0.000257574,0.510825847,9680,FALSE
47,0.473082371,0.259557797,0.349701134,6.326714903,0.047739011,linear,3,3.695270887,1.87E-05,0.166169364,36600,FALSE
48,0.402558692,0.279511676,0.372368812,0.008022418,0.034753127,linear,4,9.317560394,0.001223034,0.112550637,9800,FALSE
49,0.473471776,0.253600606,0.349571891,3.510408513,0.244242822,linear,2,7.42416684,1.12E-05,0.163893431,19465,TRUE
50,-0.077180931,0.5,0.5,71.94593762,0.005537707,rbf,3,6.874971288,1.94E-05,0.854383687,34122,FALSE
51,0.429770462,0.321026519,0.363789811,13.98383943,0.008583743,rbf,2,0.922984677,0.006459367,0.429340015,19132,TRUE
52,-0.077180931,0.5,0.5,11.32767296,0.474330003,linear,4,7.71119223,4.24E-05,0.640742244,18167,TRUE
53,-0.22827911,0.39547954,0.533917565,183.6691095,0.001948535,sigmoid,5,5.609068648,0.000954887,0.120755142,46286,TRUE
54,0.149692298,0.282831607,0.444235982,781.6459104,0.038298296,linear,4,5.825095665,6.06E-05,0.156612848,9352,TRUE
55,-0.077180931,0.5,0.5,0.003619234,3.062518986,rbf,4,8.989814887,0.005026367,0.798161082,3614,FALSE
56,0.335502887,0.364785872,0.39271024,0.013559468,0.002479458,poly,3,6.669334106,0.001262041,0.360141848,37692,FALSE
57,-0.077180931,0.5,0.5,241.3579229,2.725411734,poly,3,8.646056962,0.002185882,0.976443973,12603,FALSE
58,0.398733155,0.262236342,0.373559086,127.5177651,4.766229728,linear,3,7.365644718,0.00226998,0.338863613,27982,TRUE
59,0.261656574,0.306722388,0.413956667,4.350852476,0.000111169,rbf,3,7.873745091,2.02E-05,0.11701467,3537,FALSE
60,0.42005742,0.242890107,0.366875047,694.997145,0.002627876,poly,3,8.165866056,8.24E-05,0.465700202,21000,TRUE
61,0.437468162,0.300506101,0.361326014,14.17004359,0.181888942,poly,2,6.600331827,4.71E-05,0.404481319,19258,TRUE
62,0.043822227,0.464173029,0.47108036,0.001283666,0.029476002,rbf,4,6.414817386,3.44E-05,0.405681601,36141,FALSE
63,0.49253719,0.263880121,0.343184596,7.903098491,1.762451004,linear,2,8.770384116,0.000939374,0.268603044,39049,FALSE
64,0.32586922,0.367492636,0.39554669,0.003647948,0.00689571,linear,2,5.96571255,6.25E-05,0.352230241,21557,FALSE
65,0.371444363,0.252372073,0.381942106,3.461187171,7.842676321,linear,5,8.995047329,0.000288554,0.198177987,3908,FALSE
66,0.445472811,0.260356511,0.358746026,6.121132155,0.942012179,linear,3,3.642214718,0.000322041,0.079274073,44531,FALSE
67,0.426329742,0.291252873,0.3648857,10.31678448,2.093330616,rbf,2,7.19754263,4.90E-05,0.307319046,21269,FALSE
68,-0.077180931,0.5,0.5,0.04837647,0.000132306,rbf,5,6.972084142,0.000863807,0.558868353,13572,FALSE
69,-0.238750403,0.46586168,0.536188605,927.476821,0.022372915,sigmoid,3,6.15514916,6.90E-05,0.307940376,36909,TRUE
70,-0.077180931,0.5,0.5,0.166322959,0.000119477,rbf,4,2.101826849,0.006094747,0.787901239,40758,FALSE
71,-0.106888954,0.427386645,0.50684796,2.072954649,0.072687937,sigmoid,5,4.421597993,0.008729608,0.221564387,32010,TRUE
72,-0.077180931,0.5,0.5,0.058437732,0.008423424,linear,4,5.154520099,0.003576103,0.636611447,22966,TRUE
73,0.498618276,0.249722123,0.341122154,0.815979496,0.007301874,poly,4,2.24640666,0.000152783,0.207138633,2600,TRUE
74,-0.077180931,0.5,0.5,380.2778316,0.000224947,poly,5,6.112739731,4.23E-05,0.770804446,30846,FALSE
75,-0.292553529,0.328187992,0.547709085,871.6117989,0.000501672,poly,5,4.94377169,0.000358913,0.251544595,43995,TRUE
76,-0.077180931,0.5,0.5,0.086159781,1.751253332,linear,5,2.188411368,2.57E-05,0.806068758,46607,FALSE
77,0.45837424,0.262228981,0.354548238,0.143531395,0.002937374,linear,3,9.174700145,0.002679683,0.130145013,9738,FALSE
78,-0.077180931,0.5,0.5,0.03445416,0.114174352,rbf,5,6.126523228,1.76E-05,0.722081222,34081,FALSE
79,-0.055766605,0.49462711,0.495005058,1.021169343,0.980563887,sigmoid,3,7.436554422,0.000891029,0.479927692,17986,TRUE
80,0.077574989,0.426583683,0.462691169,0.240271889,0.000179408,rbf,5,6.26748437,0.004569319,0.281851472,6077,FALSE
81,-0.077180931,0.5,0.5,0.179265912,0.00029506,poly,4,3.358475366,0.000543051,0.894096564,6280,TRUE
82,0.340708056,0.2957754,0.391169118,0.093092781,0.000595948,poly,3,3.830352924,0.008821098,0.161277214,15021,TRUE
83,-0.045394231,0.491847107,0.492567468,3.507515214,0.00014207,sigmoid,5,3.30881391,1.29E-05,0.47126506,5080,TRUE
84,-0.077180931,0.5,0.5,0.06600747,0.048463205,sigmoid,5,9.048384783,9.55E-05,0.58823862,46581,TRUE
85,0.447348347,0.293129525,0.358138832,41.68322557,0.00119979,sigmoid,5,0.058960836,0.000739046,0.358241215,26558,FALSE
86,0.207427073,0.409536582,0.42888938,112.7556856,0.000937347,poly,5,2.194216346,0.00017142,0.441477616,2902,FALSE
87,-0.077180931,0.5,0.5,6.676969755,0.427028311,rbf,5,7.241813776,0.008463622,0.842100606,9364,TRUE
88,0.144035962,0.440902826,0.445711085,19.38967926,0.000160449,sigmoid,2,0.839474622,0.000157204,0.434326642,31257,TRUE
89,0.484938127,0.26147688,0.345744577,0.430356656,0.000246764,linear,4,3.791038642,1.19E-05,0.219543681,22420,FALSE
90,-0.077180931,0.5,0.5,0.003056594,0.01385391,sigmoid,4,7.520098236,0.001162786,0.833605042,17532,TRUE
91,-0.399760211,0.382641059,0.569970657,0.010958874,0.000605599,sigmoid,2,7.490242611,5.63E-05,0.061564752,23935,TRUE
92,-0.077180931,0.5,0.5,0.003657967,0.000820975,linear,2,7.542332041,0.006365639,0.950115615,14065,TRUE
93,-0.077180931,0.5,0.5,536.0331936,0.489197899,poly,3,1.262209749,0.000460322,0.672764256,37960,TRUE
94,-0.155653283,0.413293176,0.517892301,24.00136267,0.000173213,sigmoid,4,7.668980984,0.000499013,0.176111252,40796,TRUE
95,0.386416248,0.2737333,0.377365855,35.2433078,0.000118023,poly,4,1.080987497,2.23E-05,0.035421641,21444,FALSE
96,-0.077180931,0.5,0.5,0.003672332,0.003606339,sigmoid,3,0.759964778,0.008680237,0.693708272,42106,TRUE
97,-0.077180931,0.5,0.5,0.699911251,0.00030844,linear,4,8.502932391,0.000298434,0.604407499,8933,TRUE
98,0.144393377,0.280679579,0.44561802,0.119626095,0.02105567,rbf,5,6.615213407,0.000889859,0.078267169,43437,FALSE
99,0.459446938,0.252918824,0.35419697,4.955649569,0.149784976,linear,5,8.223309181,1.37E-05,0.114483482,24736,FALSE
100,-0.077180931,0.5,0.5,0.001235456,4.647094889,poly,5,1.761369611,0.000318507,0.526529279,43628,FALSE
